{"version":1,"hash":{"type":"Buffer","data":"jXXYhWKmPBzAK91WqtaoGE2tbP57AEZxePknoCe5uBKGngMDdYqpqmtIlW22kqdyCPfvOQ3JSbq8RvBpTksFrLqYvvI3Y20kotTCx6xY4gCOOv2nZk//JL/FyE3RNhidlV59eBoZQ0B7LNoXnkfYh09koTMwcFVRk8vN1yVwJZ0="},"indexValueMap":{"M3j55rdmwU15NS157bZ/Cl2dTWXalegqy0kzB6IHfdU=":{"valueMac":{"type":"Buffer","data":"QrZyP987ms/0cvnHsMNfXsEHULJ6LoZJGSVZ7k/BAkk="}},"ZZipxxuPXhQ0KjZWED1kYIiseXpltXzKwfw4scuFS8k=":{"valueMac":{"type":"Buffer","data":"6cIwtuSE6ttpGnGRIVjBIqCavM3YKKevAlC54C+c338="}},"KqAixls2OyBVMAXFdhYcTzLHJzynRkgupjLe75RE4Ns=":{"valueMac":{"type":"Buffer","data":"sR0kGzcukV8eAUkkrwOKbLpVsC9R8EN3b8LKrDCjMzY="}},"cAaPIavNi4X7t/U9jwCd/BhExs9RXshzv/maP3CGmx0=":{"valueMac":{"type":"Buffer","data":"fE1whdw75ZnAl8Zr+Ldlo3YZRRWNobB3iECJTRcMv4w="}},"BUEdcFa4y19wK+uAac9HOVMMyrJhLwqoGzQe1E3kQco=":{"valueMac":{"type":"Buffer","data":"29bANJ+JEQRgIQU4tP2JD3olSktdZ+Uuf2UAdbhrKWc="}}}}