{"noiseKey":{"private":{"type":"Buffer","data":"YM9Zcz9+GRuiq3mlLQ8UNj84GUphvKOZF6RU4XN9GGo="},"public":{"type":"Buffer","data":"2Urmnki1pMII/CV64rhj/Vs6jDMhMWefMvoz81YacXI="}},"pairingEphemeralKeyPair":{"private":{"type":"Buffer","data":"SEEstZW0dHy5kB5lc8W1HqrA1FwdNZ424YVLM3mC7HM="},"public":{"type":"Buffer","data":"j9YtOyYMEuEuc4dXiGjNJsCjHTdjdN2q/ujLh82y3jc="}},"signedIdentityKey":{"private":{"type":"Buffer","data":"eMtbfxX15IK8dNy1774bWqm20/tnWctRkTA/ow5YL2I="},"public":{"type":"Buffer","data":"/lMTsHTy3o1ydkKslEWRZjuXC1RkuCzV1hn/nxDTcS4="}},"signedPreKey":{"keyPair":{"private":{"type":"Buffer","data":"sNi/QDdPy4Rf2SWr4eLN6X1uapEX/Ex/J1/ICEHl6k0="},"public":{"type":"Buffer","data":"2650CL41O5CTzHxHOl/aQ/kc4VbG99JdJaAqaFJ2aVU="}},"signature":{"type":"Buffer","data":"mmOa8KGk6XmKaH3XL8wzzRzWVL1OLiNQsM0ngqeEttCb3jLi0yix3zFiB0+q/k+1s6YoJLRGy5lDQqWyaaGhgA=="},"keyId":1},"registrationId":206,"advSecretKey":"w6izZ6P7i0xDZXFJ19zHKCRqSLU4RKEE1qllobdyb2U=","processedHistoryMessages":[{"key":{"remoteJid":"6283898785192@s.whatsapp.net","fromMe":true,"id":"E5C5F71217F870D63BF5137DB05EC9D6"},"messageTimestamp":1744598651},{"key":{"remoteJid":"6283898785192@s.whatsapp.net","fromMe":true,"id":"B7C8488B2BFDCC3D257742DBFFA7709E"},"messageTimestamp":1744598651},{"key":{"remoteJid":"6283898785192@s.whatsapp.net","fromMe":true,"id":"D6FB3B2F1A98AC2FCEEB98FC5381820D"},"messageTimestamp":1744598653},{"key":{"remoteJid":"6283898785192@s.whatsapp.net","fromMe":true,"id":"7391137C8FBD1A10B1FA2FBCE77518BE"},"messageTimestamp":1744598653}],"nextPreKeyId":31,"firstUnuploadedPreKeyId":31,"accountSyncCounter":1,"accountSettings":{"unarchiveChats":false},"registered":false,"account":{"details":"CKf45pEBEPfs8b8GGAEgACgA","accountSignatureKey":"R7984pQTt+UmrZxvdzfmhFmh3jOiBEFPZqCjrpkVW0A=","accountSignature":"UOEEWCXxJk6hq0l/ugfCP+fb8tAxaLjsZdkN1gc3PalR7jTueE0gNhRHOtvBeMaQhklwteNq+ljYOQ74GfjuBA==","deviceSignature":"d0nH2B4yD3KOEFomFEqyqkEkGNjLBbZCQnuyNEuuDePiiNHNPPdltYrwxn0RkITP6GHYqC11GIOFLNd/8342jQ=="},"me":{"id":"6283898785192:12@s.whatsapp.net","lid":"122497332699263:12@lid","name":"vall"},"signalIdentities":[{"identifier":{"name":"6283898785192:12@s.whatsapp.net","deviceId":0},"identifierKey":{"type":"Buffer","data":"BUe/fOKUE7flJq2cb3c35oRZod4zogRBT2ago66ZFVtA"}}],"platform":"android","routingInfo":{"type":"Buffer","data":"CA0IEg=="},"lastAccountSyncTimestamp":1744599046,"lastPropHash":"1K4hH4","myAppStateKeyId":"AAAAAJzn"}