{"_sessions":{"BUbfZsfvS8SzCwIJLgMfx0kVUdm2szibYe82NiYcr1wM":{"registrationId":22,"currentRatchet":{"ephemeralKeyPair":{"pubKey":"BZL+Yd8WTEg9mVnG25iMRp+S3fb4mvNN5eV6FRaK37wQ","privKey":"cItHPIuNBDf8uyO3PTHvkx2NlcSCJHYeRDfx0BcHT30="},"lastRemoteEphemeralKey":"BQA7Wz8RZqjBDoZMCVdm8RUANSrqCCH+rS1cBbe1iIV/","previousCounter":0,"rootKey":"BsiWfmDdhVKzySb7T6ZMQcQ3M1SGNt+2CqjXaVDDBWI="},"indexInfo":{"baseKey":"BUbfZsfvS8SzCwIJLgMfx0kVUdm2szibYe82NiYcr1wM","baseKeyType":1,"closed":-1,"used":1744598866683,"created":1744598866683,"remoteIdentityKey":"BftHKmu9ahLPVwWOQiM/2GfhMe1u0v+hkAQCbYZTLkZh"},"_chains":{"BZL+Yd8WTEg9mVnG25iMRp+S3fb4mvNN5eV6FRaK37wQ":{"chainKey":{"counter":2,"key":"kOquRdcgFpqxr1vHtz6MYMuk+R6041CtjzgTUW2qpMg="},"chainType":1,"messageKeys":{}}},"pendingPreKey":{"signedKeyId":1,"baseKey":"BUbfZsfvS8SzCwIJLgMfx0kVUdm2szibYe82NiYcr1wM","preKeyId":3}}},"version":"v1"}