{"_sessions":{"BTwxEO+IC7oVpaC1xULyM2eVCnyeUs5Tpu571clsQE5K":{"registrationId":2097584922,"currentRatchet":{"ephemeralKeyPair":{"pubKey":"Bepf/Dh7/39ZT/mTNWzxZ13QJotoUwdy38Qp5vBZ5HRe","privKey":"mHcw3zLlIavSks7nXEUdctFOkjp7Uz7asCZgEIkI0WE="},"lastRemoteEphemeralKey":"BaI6ADFiLhpZCpow3NjcQM1vrhb6/pIbRM+FUdQZ/H8B","previousCounter":0,"rootKey":"VpOI8OK3cPmrk5PcU/1de/qzPdBZkp+kMxcbmPubWBQ="},"indexInfo":{"baseKey":"BTwxEO+IC7oVpaC1xULyM2eVCnyeUs5Tpu571clsQE5K","baseKeyType":2,"closed":1744601719214,"used":1744601718081,"created":1744601718080,"remoteIdentityKey":"BWDzpzKcTwlJBNNPCQJn9KZk5uQlyvwDenKq+8hA+Pod"},"_chains":{"BaI6ADFiLhpZCpow3NjcQM1vrhb6/pIbRM+FUdQZ/H8B":{"chainKey":{"counter":0,"key":"OFaGtYQTNWFQlKmVV+qpYs3AMWJeir9y568ZXqNiCrw="},"chainType":2,"messageKeys":{}},"Bepf/Dh7/39ZT/mTNWzxZ13QJotoUwdy38Qp5vBZ5HRe":{"chainKey":{"counter":-1,"key":"WTc8nQvUTdhZsiRX1a0b+Q3mtIz5PM0tRNyMKxf7aeo="},"chainType":1,"messageKeys":{}}}},"BSNmFnfUVatoLwwQucNy1pqvEVs2PY/1ZbaZ6yEbMsYk":{"registrationId":2097584922,"currentRatchet":{"ephemeralKeyPair":{"pubKey":"Bdfb8eM/LHD3/YbfSdmT9umMLWeFYGMiK5Vp+l2YqSEE","privKey":"6JtuKfhsMy43l13+9yHcwBzt0r+l0NbzarrGQHycYVI="},"lastRemoteEphemeralKey":"Bcap+3ZR2KygatEmzJIenLNrODKofC+h0yeEsnjpmLMk","previousCounter":0,"rootKey":"1ep9WAqcQy9aLkqpN9w3r+/IM0dF6ZIDYZTVRqIBxPs="},"indexInfo":{"baseKey":"BSNmFnfUVatoLwwQucNy1pqvEVs2PY/1ZbaZ6yEbMsYk","baseKeyType":2,"closed":-1,"used":1744601719219,"created":1744601719219,"remoteIdentityKey":"BWDzpzKcTwlJBNNPCQJn9KZk5uQlyvwDenKq+8hA+Pod"},"_chains":{"Bcap+3ZR2KygatEmzJIenLNrODKofC+h0yeEsnjpmLMk":{"chainKey":{"counter":0,"key":"0BsIEs04qZ9IspJ18MMLH2P85sRoAc7hlUOHOv8wsEc="},"chainType":2,"messageKeys":{}},"Bdfb8eM/LHD3/YbfSdmT9umMLWeFYGMiK5Vp+l2YqSEE":{"chainKey":{"counter":-1,"key":"5pKAk6XAEqoXLE8hFsRvNw29idhpZUqbOE5woV6hn5s="},"chainType":1,"messageKeys":{}}}}},"version":"v1"}