{"_sessions":{"BdhKW+jv5Bd54mdOsBm7m4Iv6tkv7FCfzcQFA7aIA/kC":{"registrationId":1748722336,"currentRatchet":{"ephemeralKeyPair":{"pubKey":"BSjTkySK7BZGyFTWggmObojeKxc99I/+Jq6bSFIQMFwE","privKey":"0GEtL15ne5FudY/LpGCsBW/PtzTw2I077fukIP52gWA="},"lastRemoteEphemeralKey":"BUiQ6gKVTr8Bh9ipfHbryotZuY00TG6nwbUn/Q1Nd1d8","previousCounter":0,"rootKey":"dAKv93RIBD8KJq3a+jAK23/l7Nhj5PGUVVl6ul30ESU="},"indexInfo":{"baseKey":"BdhKW+jv5Bd54mdOsBm7m4Iv6tkv7FCfzcQFA7aIA/kC","baseKeyType":2,"closed":-1,"used":1744598650955,"created":1744598650955,"remoteIdentityKey":"BUe/fOKUE7flJq2cb3c35oRZod4zogRBT2ago66ZFVtA"},"_chains":{"BUiQ6gKVTr8Bh9ipfHbryotZuY00TG6nwbUn/Q1Nd1d8":{"chainKey":{"counter":7,"key":"x9kxk/TI3RX7CSFPTkdxagFI5YTgXUYA1BtOazMo8bk="},"chainType":2,"messageKeys":{}},"BSjTkySK7BZGyFTWggmObojeKxc99I/+Jq6bSFIQMFwE":{"chainKey":{"counter":2,"key":"xrCjipOkLL6wfXA8DVYoBIpiJUz16Dd6sumhNfHMTE4="},"chainType":1,"messageKeys":{}}}}},"version":"v1"}