{"_sessions":{"BWYS0gDdPhrW4U4iMvvSag4T9I5mdDjL5eFmAeC/vQYB":{"registrationId":394592,"currentRatchet":{"ephemeralKeyPair":{"pubKey":"BVk3phr2M2+YnQJc0R7r23u4S4Ummf4O0kpCTIVzP3Q/","privKey":"iLX+K1SE+gzYXbMEhUwPn1SixsKAJB/GYaIm/jeKE1U="},"lastRemoteEphemeralKey":"BXgOTKYYrLvp3D2pGIyY1RVpw/BGecDqIbR/wOPppBUc","previousCounter":0,"rootKey":"ifA5iDqIami6QFJcku5G8kC0o/81cnXNAiWZ0GejEZc="},"indexInfo":{"baseKey":"BWYS0gDdPhrW4U4iMvvSag4T9I5mdDjL5eFmAeC/vQYB","baseKeyType":2,"closed":-1,"used":1744599084940,"created":1744598865968,"remoteIdentityKey":"BZh/7vZB8Q/N7LOZ+w173dp8H7lg/9eomgRphFZZq1sv"},"_chains":{"BT4AKjliXErPQsE7jJ4jl8yOTuRx4OZt9jF6ZAk/M64K":{"chainKey":{"counter":0},"chainType":2,"messageKeys":{}},"BaLTa3orjEjO+vi+mYnESpFs1fwqXzqG4+2pWd9DkGFh":{"chainKey":{"counter":1},"chainType":2,"messageKeys":{}},"BXgOTKYYrLvp3D2pGIyY1RVpw/BGecDqIbR/wOPppBUc":{"chainKey":{"counter":0,"key":"3JOtjVv3ufKFaGwQcKqRI5bYOF9URzDm7vBeZyj6sm0="},"chainType":2,"messageKeys":{}},"BVk3phr2M2+YnQJc0R7r23u4S4Ummf4O0kpCTIVzP3Q/":{"chainKey":{"counter":0,"key":"CP6MmjZjdv+P1mwg9SjYwJqwWNNwR3/D5/L0kOXXX+Q="},"chainType":1,"messageKeys":{}}}}},"version":"v1"}